{"cameraMode":{"drawMode":0,"name":"Shaded","section":"Shading Mode"},"sceneLighting":true,"audioPlay":false,"sceneViewState":{"showFog":false,"showMaterialUpdate":false,"showSkybox":false,"showFlares":false,"showImageEffects":false,"showParticleSystems":true},"in2DMode":false,"pivot":{"x":-0.46306538581848147,"y":0.27135658264160159,"z":1.7458077669143677},"rotation":{"x":-0.18496567010879517,"y":-0.24316748976707459,"z":0.047294892370700839,"w":-0.9510102868080139},"size":8.48875617980957,"orthographic":false}